Department,Average Salary,Average Age
Finance,59830.03551496702,48.34525621511923
HR,60015.15534225815,48.620106087395804
IT,60034.49975357319,48.65007392804337
Marketing,60049.455984174085,48.41913946587537
Unknown,59939.95496622467,48.075056292219166
